,Indicator,Predictors,RMSE,NRMSE(RNG),AIC,AICc,r2m,r2c
1,Cropland,Process-based,0.126398246,0.226959575,-2699.279159,-2699.118808,0.684967065,0.8846354
2,Pasture,Process-based,0.188576807,0.221025637,-291.4068718,-291.2466522,0.776982376,0.846233932
3,Water,Process-based,0.149268807,Inf,-1619.304913,-1618.872001,0.785138459,0.943686192
4,CH4,Process-based,0.107583346,0.126352539,-1338.893333,-1338.380703,0.80357458,0.959878594
5,N2O,Process-based,0.189341784,0.252402777,-768.2625268,-767.3585057,0.605075407,0.916727733
6,Nfert,Process-based,0.145620357,0.190530938,-1116.207323,-1115.717599,0.795495568,0.875493352
7,Nsurplus,Process-based,0.159714945,0.222185419,-1091.568462,-1090.967012,0.799130049,0.924541665
8,Pfert,Process-based,0.215931689,0.390722193,-1150.44687,-1149.84272,0.818053351,0.959841868
9,Psurplus,Process-based,0.206988454,0.321838896,-162.1309221,-158.336002,0.844323606,0.947876848
