"","Indicator","Min","Mode","Max"
"1","TotalAgArea",30.1928,33.088,54.6
"2","Water",685.283766802973,2273.7487475481,4044.2330863611
"3","DirNonCO2LUC",-3521.90914913319,3528.968949963,10579.8470490592
"4","Nfert",52,69,130
"5","Nsurplus",50,90,146
"6","Pfert",6.2,16,17
"7","Pexport",5.94079845035446,6.11530779278206,57.6482080718971
"8","Pinstream",1.93089294468,2.9161896677145,3.94593841376
