"","Sum Sq","Mean Sq","NumDF","DenDF","F value","Pr(>F)"
"scale(Rum_feed_water)",0.0547266692971623,0.0547266692971623,1,640.939253315168,6.42922146992104,0.0114622523531609
"scale(Mon_feed_water)",0.0485817756043265,0.0485817756043265,1,653.734420677874,5.70732695363242,0.0171768232142968
"scale(Plant_food_water)",7.35669539389655,7.35669539389655,1,694.558551429517,864.255482409952,4.82844116916976e-124
"scale(WUEinc)",8.17784783645105,8.17784783645105,1,693.993228502134,960.723456462655,4.49942857519538e-133
