"","Sum Sq","Mean Sq","NumDF","DenDF","F value","Pr(>F)"
"scale(Rum_meat_kcal_GHG)",2.31358057914016,2.31358057914016,1,407.71374895204,433.091130331311,4.56267086276651e-66
"scale(Dairy_kcal_GHG)",0.0448996444856523,0.0448996444856523,1,405.373167411323,8.40499698047783,0.0039453201796351
"scale(All_feed_water)",1.66022573735071,1.66022573735071,1,402.878324067122,310.786253860058,5.71214444528213e-52
"scale(Plant_kcal_GHG)",0.104475112965462,0.104475112965462,1,358.249934873745,19.5572374585368,1.29651532610845e-05
"scale(Yield)",0.00905935492114336,0.00905935492114336,1,9.1483530380742,1.69586756486722,0.224658780347408
"scale(GHG_eff_N2O)",1.40782586104354,1.40782586104354,1,400.103136325425,263.538213869169,6.8528908248273e-46
"scale(Organic)",0.473506143366664,0.473506143366664,1,401.630826127336,88.6380672013175,3.75263378715418e-19
"scale(Delta_initial)",0.219448144377336,0.219448144377336,1,379.977465979741,41.0796346383626,4.33398698672494e-10
