"","Sum Sq","Mean Sq","NumDF","DenDF","F value","Pr(>F)"
"scale(Rum_meat_kcal_GHG)",8.95475826793088,8.95475826793088,1,538.611805778963,2971.19743538971,2.26499544353579e-221
"scale(Non_rum_kcal_GHG)",0.174356541445303,0.174356541445303,1,539.102422738389,57.8516687201882,1.26647031016534e-13
"scale(Dairy_kcal_GHG)",0.939360414166365,0.939360414166365,1,547.981929925622,311.68069198172,1.47612237912183e-55
"scale(Plant_kcal_GHG)",0.0337338501730802,0.0337338501730802,1,540.278738547496,11.1929240434132,0.00087814788663244
"scale(Yield)",0.0881234166865849,0.0881234166865849,1,540.595415239436,29.2394347030721,9.6155453978677e-08
"scale(GHG_eff_CH4)",2.53730876441795,2.53730876441795,1,541.177526685906,841.881496748926,2.38325705419728e-112
"scale(Delta_initial)",0.0545808209355711,0.0545808209355711,1,509.261272225865,18.109969061477,2.48238875599892e-05
