"","Sum Sq","Mean Sq","NumDF","DenDF","F value","Pr(>F)"
"scale(Rum_meat_grass_feed)",31.3801615876454,31.3801615876454,1,402.82676900172,1055.44262285859,1.36562537450075e-114
"scale(Dairy_grass_feed)",2.10718540111585,2.10718540111585,1,397.63764408627,70.8732260792005,6.97985325236e-16
"scale(Mon_grass_feed)",0.0369254454323812,0.0369254454323812,1,401.105097707554,1.2419531004811,0.265762284831173
"scale(C_price)",0.0647828265787915,0.0647828265787915,1,396.691164188194,2.17891027136814,0.140706819883575
