"","Sum Sq","Mean Sq","NumDF","DenDF","F value","Pr(>F)"
"scale(Rum_meat_kcal_GHG)",8.93482994360002,8.93482994360002,1,538.365357394349,3036.4480806056,1.8025569499132e-223
"scale(Dairy_kcal_GHG)",0.943138708376183,0.943138708376183,1,544.626377096798,320.520003052215,1.03630958524475e-56
"scale(Non_rum_kcal_GHG)",0.162359579693277,0.162359579693277,1,539.039886765973,55.1769241540755,4.33844527911204e-13
"scale(Plant_kcal_GHG)",0.0368459253870218,0.0368459253870218,1,540.873390764085,12.5218655672008,0.000436825399322615
"scale(Yield)",0.0936241133121677,0.0936241133121677,1,540.555299393239,31.8175903693348,2.73366342341456e-08
"scale(GHG_eff_CH4)",2.52559453691115,2.52559453691115,1,541.883775354012,858.308074401014,8.63487458584278e-114
"scale(Delta_initial)",0.0535419784291501,0.0535419784291501,1,441.878637282639,18.1959185187932,2.43948497621443e-05
