"","Sum Sq","Mean Sq","NumDF","DenDF","F value","Pr(>F)"
"scale(Rum_feed_grass)",3.55916082328874,3.55916082328874,1,405.704347194307,597.48089087005,8.98852066562181e-82
"scale(All_feed_water)",2.2647664660674,2.2647664660674,1,399.167523383465,380.189250484112,5.76178936003321e-60
"scale(Plant_kcal_GHG)",0.0861139502349219,0.0861139502349219,1,374.898987940991,14.456059239031,0.000167415213613812
"scale(Yield)",0.0158313026502695,0.0158313026502695,1,9.2823401786805,2.65762107439028,0.136465169213602
"scale(GHG_eff_N2O)",1.42669711266048,1.42669711266048,1,396.931818472269,239.501473576699,1.31793837933322e-42
"scale(Organic)",0.471433502983396,0.471433502983396,1,404.222646102335,79.1401466057485,1.95674720530284e-17
"scale(Delta_initial)",0.206493055934925,0.206493055934925,1,373.086404146919,34.6642540598871,8.73991782323693e-09
