"","Sum Sq","Mean Sq","NumDF","DenDF","F value","Pr(>F)"
"scale(Rum_feed_grass)",5.40650178572133,5.40650178572133,1,547.599479660193,941.246382856579,4.9734338896634e-121
"scale(All_feed_water)",1.81924013662623,1.81924013662623,1,547.997742491492,316.721101002741,2.95783080532796e-56
"scale(Plant_kcal_GHG)",0.286706318847546,0.286706318847546,1,545.747334798425,49.9142137102566,4.92029232799541e-12
"scale(Yield)",0.120617444041008,0.120617444041008,1,545.27772675652,20.9989263691435,5.7015949691641e-06
"scale(GHG_eff_CH4)",2.53942489797726,2.53942489797726,1,546.823890097832,442.10186077616,2.25600907642437e-72
"scale(Delta_initial)",0.0291439084598218,0.0291439084598218,1,251.547293251833,5.07381658368409,0.0251523621909817
