"","Sum Sq","Mean Sq","NumDF","DenDF","F value","Pr(>F)"
"scale(All_feed_water)",0.332580892088305,0.332580892088305,1,777.516400097919,34.5827261916485,6.06399354454631e-09
"scale(Plant_food_water)",5.58841167581556,5.58841167581556,1,769.223758784105,581.099261648582,4.44382335098959e-96
"scale(Yield)",0.0085977591759453,0.0085977591759453,1,3.88813508749086,0.894019946775846,0.399361104829908
"scale(WPinc)",1.50215301948373,1.50215301948373,1,344.942048972122,156.198229683534,8.05563899910789e-30
"scale(Delta_initial)",0.00210083361503885,0.00210083361503885,1,399.185108549637,0.218450775169035,0.640477923340708
