"","Sum Sq","Mean Sq","NumDF","DenDF","F value","Pr(>F)"
"scale(Rum_meat_grass_feed)",27.6645665124562,27.6645665124562,1,341.934578189407,1092.74529379712,1.63266941576615e-108
"scale(Dairy_grass_feed)",1.06185355056296,1.06185355056296,1,342.88176872274,41.9430201285452,3.26001128819686e-10
