"","Sum Sq","Mean Sq","NumDF","DenDF","F value","Pr(>F)"
"scale(Rum_meat_grass_feed)",25.7615137013029,25.7615137013029,1,336.660817998981,1025.41596916035,3.32028877049429e-104
"scale(Dairy_grass_feed)",0.475099064671442,0.475099064671442,1,338.737119547108,18.9109294390027,1.81433083045554e-05
