"","Sum Sq","Mean Sq","NumDF","DenDF","F value","Pr(>F)"
"scale(Rum_meat_grass_feed)",27.3961707208041,27.3961707208041,1,339.165775177522,1081.81095252522,1.53112276502507e-107
"scale(Dairy_grass_feed)",1.05994940078741,1.05994940078741,1,341.559783905074,41.8549323034994,3.40864269951662e-10
