"","Sum Sq","Mean Sq","NumDF","DenDF","F value","Pr(>F)"
"scale(delta_Cropland)",872326316.004321,872326316.004321,1,2708.4720967655,534.68241687042,4.13335672137634e-108
"scale(delta_Pasture)",1242763023.8247,1242763023.8247,1,2722.61034639289,761.737351017264,4.66888132512771e-148
"scale(Carbon_price)",111360564.474662,111360564.474662,1,2718.01466555192,68.2571815901419,2.21444016854065e-16
"scale(Year)",4599838199.09163,4599838199.09163,1,2718.14027551507,2819.41810120859,0
