"","Sum Sq","Mean Sq","NumDF","DenDF","F value","Pr(>F)"
"scale(Rum_feed_water)",0.0301972232973791,0.0301972232973791,1,693.359607213203,3.54334381947673,0.0602033449712125
"scale(Mon_feed_water)",0.0677968575591156,0.0677968575591156,1,693.995338129387,7.95528694298479,0.00493161915727532
"scale(Plant_food_water)",6.86048775936526,6.86048775936526,1,692.700222868799,805.010005766076,4.25801673292011e-118
"scale(Yield)",0.0141745407334409,0.0141745407334409,1,680.166620479383,1.66324137842562,0.197604592070948
"scale(WUEinc)",1.77492484315111,1.77492484315111,1,681.574884236485,208.269777359332,2.16229852485896e-41
