"","Sum Sq","Mean Sq","NumDF","DenDF","F value","Pr(>F)"
"scale(All_feed_water)",1.8468771583189,1.8468771583189,1,580.986264827644,159.012428188944,2.13896286561884e-32
"scale(Plant_food_water)",3.47510835940496,3.47510835940496,1,578.248137566028,299.199876916376,2.45727363578451e-54
"scale(Yield)",0.206874876072182,0.206874876072182,1,551.541360334442,17.8115129245886,2.85182889460122e-05
"scale(PUEinc)",0.523497087792728,0.523497087792728,1,559.579131003686,45.0720518713509,4.67110907169608e-11
"scale(PrecHousehold)",20.5776513165032,20.5776513165032,1,579.852568805406,1771.69460758343,1.97552354711052e-178
"scale(Delta_initial)",0.0261129643346728,0.0261129643346728,1,6.14694255721535,2.2482739836618,0.183263322799032
