"","Sum Sq","Mean Sq","NumDF","DenDF","F value","Pr(>F)"
"scale(Rum_meat_crop_feed_water)",0.335045603375267,0.335045603375267,1,1124.32075667273,39.47770523155,4.73578671131431e-10
"scale(Dairy_crop_feed_water)",1.01018975442356,1.01018975442356,1,1124.47218544297,119.028493289607,2.06107263248583e-26
"scale(Mon_feed_water)",3.31560035904565,3.31560035904565,1,1125.427646506,390.670082882478,7.06252221851018e-75
"scale(Plant_food_water)",7.40783146216612,7.40783146216612,1,1126.03430658257,872.848901529516,1.70399212274658e-142
"scale(Yield)",19.8325489037839,19.8325489037839,1,1122.49030066342,2336.82672366527,1.3205652932386e-276
"scale(Delta_initial)",0.0106286464524107,0.0106286464524107,1,116.149672387268,1.25235062759102,0.265412984938392
