"","Sum Sq","Mean Sq","NumDF","DenDF","F value","Pr(>F)"
"scale(delta_Cropland)",404050488.723303,404050488.723303,1,2225.2625287069,269.859473364051,2.51242729499683e-57
"scale(delta_Pasture)",1157738764.58434,1157738764.58434,1,2226.43558999602,773.236964249356,2.51534429189931e-146
"scale(Carbon_price)",45244462.3105559,45244462.3105559,1,2222.48240211726,30.2181215281922,4.3031423906629e-08
"scale(Year)",3730204472.31259,3730204472.31259,1,2223.38632294329,2491.34957767085,0
