"","Sum Sq","Mean Sq","NumDF","DenDF","F value","Pr(>F)"
"scale(Rum_feed_water)",0.0976430429151643,0.0976430429151643,1,262.409076443753,9.80061839514879,0.0019417817673408
"scale(Mon_feed_water)",0.294640294020722,0.294640294020722,1,350.706399378248,29.5736081068309,1.01117948798496e-07
"scale(Plant_food_water)",4.11576006827686,4.11576006827686,1,709.713566050614,413.106685647018,9.89074138389669e-73
"scale(Yield)",0.192317312670768,0.192317312670768,1,704.894717930244,19.303255367659,1.28665570843511e-05
"scale(NUEinc)",14.4015427675625,14.4015427675625,1,715.152687096299,1445.510307262,7.2046152920957e-174
"scale(Delta_initial)",0.13621628108548,0.13621628108548,1,6.86741060908028,13.6722878585934,0.00794531641854797
