"","Sum Sq","Mean Sq","NumDF","DenDF","F value","Pr(>F)"
"scale(Rum_feed_water)",0.0929064656789265,0.0929064656789265,1,289.716255509589,9.43071520242652,0.00233636370740985
"scale(Mon_feed_water)",0.29216630028965,0.29216630028965,1,401.459053879399,29.6571088959559,9.00268859510721e-08
"scale(Plant_food_water)",4.12103142761935,4.12103142761935,1,733.022428025145,418.316136020474,6.61321647215554e-74
"scale(Yield)",0.235268185023873,0.235268185023873,1,725.354761366003,23.8815160273092,1.26176201726792e-06
"scale(NUEinc)",14.6822470211619,14.6822470211619,1,735.32060966834,1490.36010762446,5.1980989376291e-179
"scale(Delta_initial)",0.113046373806719,0.113046373806719,1,7.4264246907223,11.4750695578342,0.0106497633594815
