"","Sum Sq","Mean Sq","NumDF","DenDF","F value","Pr(>F)"
"scale(Rum_feed_water)",0.205129187459432,0.205129187459432,1,575.238231423662,21.2317973792746,5.01567595635361e-06
"scale(Mon_feed_water)",0.0608107959448628,0.0608107959448628,1,580.460609291373,6.29419203558774,0.0123848420944988
"scale(Plant_food_water)",3.63610264966707,3.63610264966707,1,579.201354364989,376.353046897544,5.68659580967448e-65
"scale(Yield)",0.0494463138832772,0.0494463138832772,1,574.671142017338,5.11791681390722,0.0240526271415882
"scale(PUEinc)",0.185175557808692,0.185175557808692,1,576.454543991321,19.1665065887605,1.42269059030409e-05
"scale(PrecHousehold)",28.7183559306721,28.7183559306721,1,581.736123530738,2972.47954685388,8.52313680051238e-231
