"","Sum Sq","Mean Sq","NumDF","DenDF","F value","Pr(>F)"
"scale(All_feed_water)",0.55523373173935,0.55523373173935,1,786.95228013153,66.0732919550266,1.68241426989845e-15
"scale(Plant_food_water)",7.19140038652587,7.19140038652587,1,735.366226121673,855.782835484273,2.25261741625758e-125
"scale(Yield)",0.00176827385113126,0.00176827385113126,1,4.76913654436091,0.210426110200889,0.666576742090275
"scale(WPinc)",2.043239306915,2.043239306915,1,103.53803006214,243.147236096162,6.28670330102495e-29
"scale(Delta_initial)",0.102811356112839,0.102811356112839,1,113.279900856357,12.2346398650087,0.000671238828567498
