"","Sum Sq","Mean Sq","NumDF","DenDF","F value","Pr(>F)"
"scale(Rum_meat_crop_feed_water)",0.304933279438796,0.304933279438796,1,1108.17454499202,41.9467689280188,1.40705963849579e-10
"scale(Dairy_crop_feed_water)",0.963741775555836,0.963741775555836,1,1105.92114181335,132.572783265636,4.71055750129216e-29
"scale(Mon_feed_water)",3.20459587969466,3.20459587969466,1,1106.37399914361,440.825754147354,1.21045706496439e-82
"scale(Plant_food_water)",5.50190134484492,5.50190134484492,1,1122.01638684621,756.84420146502,9.259491718401e-128
"scale(Yield)",0.516611343782591,0.516611343782591,1,10.149622653441,71.0653055092043,6.73814021067785e-06
