"","Sum Sq","Mean Sq","NumDF","DenDF","F value","Pr(>F)"
"scale(All_feed_water)",0.380266535275513,0.380266535275513,1,789.173067460273,44.1169661561365,5.75846904879763e-11
"scale(Plant_food_water)",7.03714559217849,7.03714559217849,1,749.306688858471,816.42081310418,4.95533382053527e-122
"scale(Yield)",0.00255000252555092,0.00255000252555092,1,4.87212152610349,0.295840850250692,0.610454028107
"scale(WPinc)",2.00085609716823,2.00085609716823,1,113.247149629569,232.131130492761,3.44713279961456e-29
"scale(Delta_initial)",0.120107873010107,0.120107873010107,1,134.911014066169,13.9344235611827,0.00027813867243606
