"","Sum Sq","Mean Sq","NumDF","DenDF","F value","Pr(>F)"
"scale(Rum_meat_grass_feed)",31.7153974568886,31.7153974568886,1,465.967063754813,1247.06028593103,8.03744792818902e-134
"scale(Dairy_grass_feed)",2.1899325637011,2.1899325637011,1,460.151889585588,86.1088981391784,6.70129843721641e-19
"scale(C_price)",0.0625253527336956,0.0625253527336956,1,458.629356109396,2.45851827535856,0.11757866108799
