"","Sum Sq","Mean Sq","NumDF","DenDF","F value","Pr(>F)"
"scale(delta_Pasture)",364861917.416678,364861917.416678,1,4825.24121022115,205.081421517278,1.3816933129154e-45
"scale(delta_Cropland)",901965301.133765,901965301.133765,1,4827.92605031969,506.976248509175,7.70317231395886e-107
"scale(delta_Forest_net)",45038360.7115809,45038360.7115809,1,4825.63979529748,25.3151414182551,5.04547876301152e-07
"scale(Carbon_price)",551559285.854289,551559285.854289,1,4817.13632272133,310.02019392688,2.66657290129142e-67
"scale(Year)",9333816584.65503,9333816584.65503,1,4814.63853164566,5246.34740428817,0
