"","Sum Sq","Mean Sq","NumDF","DenDF","F value","Pr(>F)"
"scale(Rum_meat_kcal_GHG)",3.25580107619925,3.25580107619925,1,408.541391433455,559.68820082659,1.46364461665115e-78
"scale(Dairy_kcal_GHG)",0.0569962523572124,0.0569962523572124,1,407.312386992205,9.79793580414499,0.00187291854602763
"scale(Non_rum_kcal_GHG)",1.4773582788151,1.4773582788151,1,404.380510552327,253.965146424592,1.01643967986056e-44
"scale(Plant_kcal_GHG)",0.156544162546807,0.156544162546807,1,349.478979371396,26.9107106469811,3.61797259756055e-07
"scale(Yield)",0.0158579442999545,0.0158579442999545,1,9.42048487514537,2.72605853561878,0.131609054015826
"scale(GHG_eff_N2O)",1.43335807642914,1.43335807642914,1,397.333698476685,246.401295460408,1.50627764865784e-43
"scale(Organic)",0.482189276283989,0.482189276283989,1,401.256383016226,82.8907056005729,4.12877750193391e-18
"scale(Delta_initial)",0.170806992030831,0.170806992030831,1,359.94089431719,29.3625611089045,1.10119951113217e-07
