"","Sum Sq","Mean Sq","NumDF","DenDF","F value","Pr(>F)"
"scale(Rum_meat_kcal_GHG)",8.96915151096508,8.96915151096508,1,539.290252358583,2975.56309571528,1.14260465749624e-221
"scale(Non_rum_kcal_GHG)",0.174561249821586,0.174561249821586,1,540.009214841369,57.9116109562919,1.22919354229744e-13
"scale(Dairy_kcal_GHG)",0.945028819926372,0.945028819926372,1,545.843443244645,313.518271769912,9.03162259509745e-56
"scale(Plant_kcal_GHG)",0.0335407100249952,0.0335407100249952,1,541.862430600167,11.1273066167353,0.000908932026724868
"scale(Yield)",0.0857103364229632,0.0857103364229632,1,541.461788457735,28.4348540293605,1.42551050605706e-07
"scale(GHG_eff_CH4)",2.5609674059816,2.5609674059816,1,542.82975228229,849.614380273591,3.99499032728525e-113
"scale(Delta_initial)",0.0524351006711588,0.0524351006711588,1,446.372663753051,17.3956198963158,3.6481881650611e-05
