"","Sum Sq","Mean Sq","NumDF","DenDF","F value","Pr(>F)"
"scale(Rum_meat_kcal_GHG)",6.53142491426146,6.53142491426146,1,542.103223477506,2442.77644094903,5.90005592504231e-203
"scale(Dairy_kcal_GHG)",0.875693326207523,0.875693326207523,1,542.840797226698,327.512457822982,1.25279710759272e-57
"scale(All_feed_water)",0.316762161790769,0.316762161790769,1,543.911640815147,118.470189332961,4.26729198595763e-25
"scale(Plant_kcal_GHG)",0.0241446413510953,0.0241446413510953,1,542.466305576468,9.03018282256233,0.00277833384093375
"scale(Yield)",0.0940431465942772,0.0940431465942772,1,541.257880296825,35.1724755239252,5.38358762845922e-09
"scale(GHG_eff_CH4)",2.52703511818307,2.52703511818307,1,542.656810254163,945.120235351656,6.12755170537708e-121
"scale(Delta_initial)",0.069049744276021,0.069049744276021,1,395.803024493078,25.8248530428206,5.77515662116468e-07
