"","Sum Sq","Mean Sq","NumDF","DenDF","F value","Pr(>F)"
"scale(All_feed_water)",0.73161534373112,0.73161534373112,1,766.987819945316,80.17123682489,2.55983079225308e-18
"scale(Plant_food_water)",7.90510596380208,7.90510596380208,1,774.594448820105,866.250452208592,2.18390292391108e-128
"scale(WPinc)",0.325606484946732,0.325606484946732,1,528.434290889798,35.6803268822341,4.2737282702719e-09
"scale(Delta_initial)",0.0195481531425683,0.0195481531425683,1,7.7685940295097,2.14210873037408,0.182557185893218
