"","Sum Sq","Mean Sq","NumDF","DenDF","F value","Pr(>F)"
"scale(All_feed_water)",0.70450231355429,0.70450231355429,1,760.986552535116,71.4344650955047,1.45257586769784e-16
"scale(Plant_food_water)",8.10598909772301,8.10598909772301,1,758.977068356615,821.923482897426,4.67030236723956e-123
"scale(Yield)",0.0187871297370846,0.0187871297370846,1,745.477228268554,1.90495976752399,0.167937953021696
"scale(WPinc)",1.78905619596925,1.78905619596925,1,742.839172333693,181.405042859399,3.73966765929755e-37
