"","Sum Sq","Mean Sq","NumDF","DenDF","F value","Pr(>F)"
"scale(Rum_meat_grass_feed)",31.768373050082,31.768373050082,1,466.974954013342,1245.10860580569,7.85080526385637e-134
"scale(Dairy_grass_feed)",2.15579617041706,2.15579617041706,1,461.161463175506,84.4928495367914,1.32606855130952e-18
