"","Sum Sq","Mean Sq","NumDF","DenDF","F value","Pr(>F)"
"scale(All_feed_water)",1.78201483912079,1.78201483912079,1,588.989104935991,180.464271440732,4.42345828118927e-36
"scale(Plant_food_water)",3.51805688386577,3.51805688386577,1,587.80425174029,356.272887574341,1.77789424453696e-62
"scale(Yield)",0.0935945367811571,0.0935945367811571,1,514.486888839618,9.47829923760779,0.00219014119911544
"scale(PUEinc)",0.282208740746501,0.282208740746501,1,506.685890535557,28.5792203717848,1.36275017645131e-07
"scale(PrecHousehold)",30.0017907444193,30.0017907444193,1,586.796946370808,3038.27509723781,3.37094751654723e-234
