"","Sum Sq","Mean Sq","NumDF","DenDF","F value","Pr(>F)"
"scale(All_feed_water)",0.81379014416724,0.81379014416724,1,823.986982279822,106.301474963686,1.58476837504316e-23
"scale(Plant_food_water)",7.37121611349124,7.37121611349124,1,823.016176428227,962.866349213467,1.34325615527483e-140
"scale(Yield)",0.0132542505213683,0.0132542505213683,1,6.96855145668446,1.73133871190029,0.229872362178339
"scale(WPinc)",1.41932006449412,1.41932006449412,1,219.199989681014,185.3989230303,5.30159898830943e-31
"scale(Delta_initial)",0.0557263475265641,0.0557263475265641,1,6.11114004276566,7.279263553228,0.0350303823964883
