"","Sum Sq","Mean Sq","NumDF","DenDF","F value","Pr(>F)"
"scale(All_feed_water)",1.81890332193522,1.81890332193522,1,41.8445516456216,395.963842346606,5.97038301480706e-23
"scale(Plant_food_water)",0.0558773995834378,0.0558773995834378,1,30.0908050023778,12.164159344024,0.00152152147861577
"scale(Yield)",0.0100665249934068,0.0100665249934068,1,34.6742856971591,2.19141933900402,0.147811190127193
"scale(PUEinc)",1.50870937282647,1.50870937282647,1,87.3516287973877,328.436565618622,2.4277645769019e-31
