"","Sum Sq","Mean Sq","NumDF","DenDF","F value","Pr(>F)"
"scale(Rum_meat_crop_feed_water)",0.409092544432415,0.409092544432415,1,1411.43366111786,52.4248116532889,7.32017590941407e-13
"scale(Dairy_crop_feed_water)",1.25245405270133,1.25245405270133,1,1401.85012428983,160.500768617925,6.64592264243171e-35
"scale(Mon_feed_water)",3.81514432366294,3.81514432366294,1,1412.01377456419,488.907034166659,2.86897104731746e-93
"scale(Plant_food_water)",8.90978288355891,8.90978288355891,1,1411.34628462844,1141.78001016941,6.82065212703937e-184
"scale(Yield)",20.8207042755668,20.8207042755668,1,1409.27098259405,2668.15300105217,0
"scale(Delta_initial)",0.0109027653274108,0.0109027653274108,1,106.215043320572,1.39717877181687,0.239836029464076
